{"cameraMode":{"drawMode":0,"name":"Shaded","section":"Shading Mode"},"sceneLighting":false,"audioPlay":false,"sceneViewState":{"m_AlwaysRefresh":false,"showFog":true,"showSkybox":false,"showFlares":true,"showImageEffects":true,"showParticleSystems":true,"showVisualEffectGraphs":true,"m_FxEnabled":true},"in2DMode":false,"pivot":{"x":-2.4736266136169435,"y":0.4013988971710205,"z":-0.29476720094680788},"rotation":{"x":-0.08505001664161682,"y":0.9028639793395996,"z":-0.3680803179740906,"w":-0.20986956357955934},"size":5.012484550476074,"orthographic":false}