{"cameraMode":{"drawMode":0,"name":"Shaded","section":"Shading Mode"},"sceneLighting":false,"audioPlay":false,"sceneViewState":{"m_AlwaysRefresh":false,"showFog":true,"showSkybox":false,"showFlares":true,"showImageEffects":true,"showParticleSystems":true,"showVisualEffectGraphs":true,"m_FxEnabled":true},"in2DMode":false,"pivot":{"x":-0.9299333691596985,"y":0.7236746549606323,"z":-0.10459601134061814},"rotation":{"x":-0.006738771218806505,"y":0.9730908274650574,"z":-0.02739805169403553,"w":-0.229675754904747},"size":1.3858691453933716,"orthographic":false}