{"cameraMode":{"drawMode":0,"name":"Shaded","section":"Shading Mode"},"sceneLighting":false,"audioPlay":false,"sceneViewState":{"m_AlwaysRefresh":false,"showFog":true,"showSkybox":false,"showFlares":true,"showImageEffects":true,"showParticleSystems":true,"showVisualEffectGraphs":true,"m_FxEnabled":true},"in2DMode":false,"pivot":{"x":-0.010785818099975586,"y":0.9843622446060181,"z":0.3020118772983551},"rotation":{"x":-0.11412734538316727,"y":0.06893713772296906,"z":-0.007684872020035982,"w":-0.9912664890289307},"size":1.548128366470337,"orthographic":false}