{"cameraMode":{"drawMode":0,"name":"Shaded","section":"Shading Mode"},"sceneLighting":false,"audioPlay":false,"sceneViewState":{"m_AlwaysRefresh":false,"showFog":true,"showSkybox":false,"showFlares":true,"showImageEffects":true,"showParticleSystems":true,"showVisualEffectGraphs":true,"m_FxEnabled":true},"in2DMode":false,"pivot":{"x":0.0012907981872558594,"y":0.9889053702354431,"z":0.03465184569358826},"rotation":{"x":-0.11412734538316727,"y":0.06893713772296906,"z":-0.007684872020035982,"w":-0.9912664890289307},"size":1.3568989038467408,"orthographic":false}