{"cameraMode":{"drawMode":0,"name":"Shaded","section":"Shading Mode"},"sceneLighting":false,"audioPlay":false,"sceneViewState":{"m_AlwaysRefresh":false,"showFog":true,"showSkybox":false,"showFlares":true,"showImageEffects":true,"showParticleSystems":true,"showVisualEffectGraphs":true,"m_FxEnabled":true},"in2DMode":false,"pivot":{"x":0.28999996185302737,"y":-0.8700000047683716,"z":-0.12000000476837158},"rotation":{"x":-0.23834937810897828,"y":0.6167201399803162,"z":-0.2034519761800766,"w":-0.7226780652999878},"size":1.7320507764816285,"orthographic":false}