{"cameraMode":{"drawMode":0,"name":"Shaded","section":"Shading Mode"},"sceneLighting":false,"audioPlay":false,"sceneViewState":{"m_AlwaysRefresh":false,"showFog":true,"showSkybox":false,"showFlares":true,"showImageEffects":true,"showParticleSystems":true,"showVisualEffectGraphs":true,"m_FxEnabled":true},"in2DMode":false,"pivot":{"x":-0.0016577839851379395,"y":0.9163995981216431,"z":0.28041282296180727},"rotation":{"x":-0.03171594813466072,"y":0.9354325532913208,"z":-0.08604365587234497,"w":-0.3420642912387848},"size":1.4378069639205933,"orthographic":false}