{"cameraMode":{"drawMode":0,"name":"Shaded","section":"Shading Mode"},"sceneLighting":false,"audioPlay":false,"sceneViewState":{"m_AlwaysRefresh":false,"showFog":true,"showSkybox":false,"showFlares":true,"showImageEffects":true,"showParticleSystems":true,"showVisualEffectGraphs":true,"m_FxEnabled":true},"in2DMode":false,"pivot":{"x":-2.7875239849090578,"y":8.520426750183106,"z":12.066165924072266},"rotation":{"x":-0.00035455080796964467,"y":0.9859159588813782,"z":-0.17148517072200776,"w":0.004648047499358654},"size":10.897247314453125,"orthographic":false}