{"cameraMode":{"drawMode":0,"name":"Shaded","section":"Shading Mode"},"sceneLighting":false,"audioPlay":false,"sceneViewState":{"m_AlwaysRefresh":false,"showFog":true,"showSkybox":false,"showFlares":true,"showImageEffects":true,"showParticleSystems":true,"showVisualEffectGraphs":true,"m_FxEnabled":true},"in2DMode":false,"pivot":{"x":-0.0009431838989257813,"y":0.854578971862793,"z":0.31235215067863467},"rotation":{"x":-0.03171594813466072,"y":0.9354325532913208,"z":-0.08604365587234497,"w":-0.3420642912387848},"size":1.3570257425308228,"orthographic":false}